Timestamp,How long have you been into craft beer?,What is your favorite MN centered craft beer facebook group?,How many beers are in your main food fridge right now?,What is your favorite MN beer?,What is your favorite MN brewery?,What is your gender?,Share your favorite memory from Darkness day
10/17/2016 14:56:53,More than 4 years,MNBT (No Rules),10-20,Dangerious man chocolate milk stout,Dangerious man,Male,Backfat
10/17/2016 14:57:00,3-4 Years,MNBT (No Rules),6,Surly Abrasive,Fair State,Male,Kissing Ryan Ungs on the mouth
10/17/2016 14:57:02,More than 4 years,MNBT (No Rules),15,Darkness,Dangerous Man,Male,Standing in line in 2010.
10/17/2016 14:59:44,3-4 Years,MNBT (No Rules),4,Disgruntled,Disgruntled,Male,I didn't go...it was awesome
10/17/2016 14:59:44,More than 4 years,MNBT (No Rules),27,DSDB,Dangerous Man,Male,
10/17/2016 14:59:51,1-2 Years,MNBT (No Rules),15,Barrel Aged Silhouette,Surly,Male,Meeting some crazy awesome people at the No Rule tent amongst others
10/17/2016 15:01:16,More than 4 years,MNBT (No Rules),5,Stupid Good IPA- Disgruntled Brewing,Surly,Male,Meeting and hanging out with new people.
10/17/2016 15:01:35,More than 4 years,MNBT (No Rules),20?,Furious,Fair State,Male,None. 
10/17/2016 15:02:11,More than 4 years,Beer People,15,Todd,Modist,Male,Waking up three deep in a single person tent.
10/17/2016 15:03:58,More than 4 years,MNBT (No Rules),"About 10, thanks to a dedicated beer fridge.",Surly Abrasive,Steel Toe,Male,Not going and getting much needed sleep.
10/17/2016 15:05:17,More than 4 years,MNBT (No Rules),4,Lift Bridge BA Silhouette ,Surly,Male,Jack in the kangaroo suit
10/17/2016 15:06:44,More than 4 years,MNBT (No Rules),Around 10,Surly Darkness,Surly,Male,Everything I actually remember
10/17/2016 15:06:45,More than 4 years,MNBT (No Rules),0,Indeed Rum King or BA Darkness,Surly,Male,Reading through all the shenanigans that everyone in attendance posted on Facebook...
10/17/2016 15:07:33,More than 4 years,MNBT (No Rules),18,THB- 3 hour tour,Fairstate ,Male,Walking the line and running in to friends.
10/17/2016 15:07:41,More than 4 years,MNBT (No Rules),17,Surly Todd the axe man,Indeed/fair state,Male,Meeting a lot of the no rules bastards
10/17/2016 15:07:43,More than 4 years,MNBT (No Rules),6,Before the Dawn,Surly,Male,Darkness Day Eve
10/17/2016 15:07:59,More than 4 years,MNBT (No Rules),3,Liftbridge Commander,Surly,Male,Actually making it to my tent to sleep.
10/17/2016 15:08:29,More than 4 years,MNBT (No Rules),80,Starkeller Peach,Surly,Male,The generosity from so many strangers during the share the night before. 
10/17/2016 15:08:36,1-2 Years,MNBT (No Rules),7,Surly Todd The Axe Man,Dangerous Man,Female,Seeing all the No Rules Tshirts 
10/17/2016 15:08:57,More than 4 years,MNBT (No Rules),50-60,Lift bridge double shot double black,Sisyphus ,Male,Haven't had the chance to make it to one yet 
10/17/2016 15:09:59,More than 4 years,MNBT (No Rules),16,Ba darkness,Surly,Male,Never been there.
10/17/2016 15:09:59,More than 4 years,MNBT (No Rules),43,Todd the Axeman,Fair State,Male,Ticking walez with the awesome folks from No Rules
10/17/2016 15:10:20,More than 4 years,MNBT (No Rules),30,Fair State Roselle,Bad Weather,Male,
10/17/2016 15:10:37,More than 4 years,facebook is the worst.,a lot,townhall raspberry czar jack,townhall,Other,"I woke up there, how did I get there?"
10/17/2016 15:11:34,3-4 Years,MNBT (No Rules),32,Surly Abrasive,Surly,Male,Meeting so many new friends and sharing great beer with great people.
10/17/2016 15:11:54,More than 4 years,MNBT (No Rules),17,BA Darkness,Surly,Male,I woke up and was still alive the next morning
10/17/2016 15:12:52,More than 4 years,MNBT (No Rules),5,BA silhouette ,Junkyard ,Male,
10/17/2016 15:14:07,More than 4 years,MNBT (No Rules),20,Snownami,Disgruntled ,Male,The nap I took after 
10/17/2016 15:15:06,More than 4 years,MNBT (No Rules),10,Stupid good,Disgruntled Brewing ,Male,None
10/17/2016 15:15:40,1-2 Years,MNBT (No Rules),2,Badger Hill Traitor IPA,Surly,Male,Enjoying the photos posted on MNBT since I wasn't there
10/17/2016 15:16:18,More than 4 years,MNBT (No Rules),4,Ba darkness,Surly,Male,
10/17/2016 15:17:02,More than 4 years,MNBT (No Rules),25,LTD Night Falls ER10 Barrel Aged,Forager,Male,I never remember anything from that day.
10/17/2016 15:17:29,More than 4 years,MNBT (No Rules),0 (I have a beer fridge for that),Peachy Keen,Junkyard,Male,Stand 'n poo in the Biffy since it's overflowing!
10/17/2016 15:18:04,3-4 Years,MNBT (No Rules),4,BA lift bridge,Surly,Male,The first time I went (2015) I became friends with a couple dudes my dad's age that I've enjoyed numerous beers with at tastings
10/17/2016 15:19:53,More than 4 years,MNBT (No Rules),4,Todd the Axe Man,Junkyard,Male,Your mom
10/17/2016 15:20:13,More than 4 years,MNBT (No Rules),15 or so,Stupid Good,Dangerous Man,Female,Darkness 2007
10/17/2016 15:25:22,3-4 Years,MNBT (No Rules),11,BA Silhouette,Forager,Male,Anything Nick Owen did. 
10/17/2016 15:25:42,More than 4 years,MNBT (No Rules),16,BA Silhouette ,Surly,Male,Blackout drunk 
10/17/2016 15:26:01,More than 4 years,MNBT (No Rules),30,Stupid Good,Dangerous Man,Male,Couldn't attend this year unfortunately. Next year #NoRulez
10/17/2016 15:26:49,3-4 Years,MNBT (No Rules),40,Rum King,Dangerous Man,Male,I could not go
10/17/2016 15:27:22,More than 4 years,MNBT (No Rules),75,Todd the Axeman right now,Dangerous Man,Male,Darkness Day Eve shareing beer 
10/17/2016 15:27:28,More than 4 years,Crack Smoke in a Bottle,,612 IPA,612,Female,Cashing out my 401k to impress neck beards with rare bottles of beer.
10/17/2016 15:27:59,More than 4 years,MNBT (No Rules),7,Thats an impossible question.,Indeed,Male,"If you can remember it, you weren't there."
10/17/2016 15:29:20,More than 4 years,MNBT (No Rules),3,Steele Toe Long time Gone,Schells,Male,wasn't there :/
10/17/2016 15:31:31,More than 4 years,MNBT (No Rules),0,Abrasive ,Surly ,Male,Ryan Ungs pooping himself 
10/17/2016 15:31:36,3-4 Years,MNBT (No Rules),6,stupid good,disgruntled ,Male,Unable to attend due to stupid friends and their stupid wedding
10/17/2016 15:32:45,More than 4 years,MNBT (No Rules),Too many,Liftbridge BA Silhouette ,Surly,Male,"Seeing all the pics on social media, as I wasn't able to attend"
10/17/2016 15:33:46,More than 4 years,MNBT (No Rules),23,BA Darkness ,Disgruntled ,Male,Missed it..... Stupid work 
10/17/2016 15:34:59,More than 4 years,Beer People,4,Surly Abrasive,Dangerous Man,Female,Talking to Todd Haug
10/17/2016 15:35:52,1-2 Years,MNBT (No Rules),15,BA Silhouette,Surly,Male,The line share Darkness Eve
10/17/2016 15:36:19,More than 4 years,MNBT (No Rules),15,Darkness,Forager,Male,Meeting all of the #norulez gang
10/17/2016 15:36:26,Less than a year,MNBT (No Rules),,The Brewery ,black Tuesday ,Other,Ryan Ungs pooping himself 
10/17/2016 15:37:28,1-2 Years,MBT,13,Apricot Vista ,Disgruntled ,Other,"Ryan ungs shitting his tights 
"
10/17/2016 15:37:39,More than 4 years,MNBT (No Rules),22,Easily accessible: Todd the Axeman. Limited: Darkness or DBDS,Surly,Male,Ryan Ungs pooping himself. 
10/17/2016 15:38:05,More than 4 years,Beer People,0,Steel Toe Size 11,Bent Paddle ,Male,NA
10/17/2016 15:39:14,More than 4 years,MNBT (No Rules),1 Miller High Life - Downstairs Beer Fridge Close to 75,Bent Paddle Cold Press Black ,Dangerous Man,Male,Cracking that '07 Darkness - Straight Raisins! And seeing Jack get a dry handy from Dax.
10/17/2016 15:40:04,More than 4 years,MNBT (No Rules),"None, have a dedicated beer fridge ",2009 Fitger's Brewhouse Framboise,Surly,Male,
10/17/2016 15:40:34,More than 4 years,MNBT (No Rules),48,Surly Coffee Bender,Dangerous Man,Female,"Didn't attend, but loved all the pictures posted in MN Facebook beer groups!"
10/17/2016 15:41:46,More than 4 years,MNBT (No Rules),3,Rosie's Old Ale,Steel Toe,Male,Can't remember ;)
10/17/2016 15:42:42,More than 4 years,MNBT (No Rules),40ish? ,Darkness,Surly ,Male,2010 moves bender 
10/17/2016 15:45:19,More than 4 years,MNBT (No Rules),,BADSDB,Indeed,Male,"First year on Eve, trying new styles of beers I never imagined existed!"
10/17/2016 15:45:59,1-2 Years,MNBT (No Rules),0,Dangerous Man Belgian Dark Strong,Fair State,Male,Haven't been :(
10/17/2016 15:46:56,More than 4 years,MNBT (No Rules),10,Bent Paddle Double Shot Double Black,Town Hall,Male,Didn't Ryan Ungs shit himself?
10/17/2016 15:47:59,More than 4 years,MNBT (No Rules),5,Twisted trace,Town hall,Male,People remember this day?
10/17/2016 15:49:06,More than 4 years,MNBT (No Rules),Zero,Todd the Axe Man,Surly,Male,Dumpster fire!
10/17/2016 15:50:05,More than 4 years,MNBT (No Rules),3,BP BADSDB,Bent Paddle,Male,waking up at 3am to two of my friends in boxer shorts
10/17/2016 15:51:16,3-4 Years,MNBT (No Rules),4,Double Shot,Disgruntled ,Male,
10/17/2016 15:55:15,1-2 Years,MNBT (No Rules),60,Todd the axe men,Surly,Male,Beer
10/17/2016 15:56:33,More than 4 years,MNBT (No Rules),1,DM PBS,The original surly tap room,Male,Sharing my last bottle of 2007 darkness
10/17/2016 15:58:31,More than 4 years,MNBT (No Rules),34,BA Silhouette ,Sisyphus ,Male,When my buddy attempted to enter his tent but fell on top of it. It was brilliant. 
10/17/2016 15:58:42,More than 4 years,MNBT (No Rules),,"Saga, duh.",Indeed ,Male,Ryan Ungs pooping himself.
10/17/2016 15:58:47,More than 4 years,MNBT (No Rules),0 but in my beer fridge 100?,Too many to pick from,Dangerous man,Male,Wishing I was there and watching all the photos from no rules. 
10/17/2016 16:07:10,More than 4 years,MNBT (No Rules),20,Surly Todd the Ax Man,Forager ,Male,Never been :( 
10/17/2016 16:12:39,More than 4 years,MNBT (No Rules),8,BA Darkness ,Indeed,Male,Drunk Morning Selfies
10/17/2016 16:19:03,3-4 Years,Beer People,34,apricot vista ,612,Female,ryan ungs pooping himself in tights was pretty awesome 
10/17/2016 16:22:26,More than 4 years,MNBT (No Rules),12,Dangerous Man BA RIS,Dangerous Man,Male,"Sharing my rare beer with others and them sharing theirs with me! Plus, too many laughs to remember."
10/17/2016 16:23:09,More than 4 years,MNBT (No Rules),33,Barrel Aged Darkness,Surly,Male,The Butt Grabs
10/17/2016 16:24:13,More than 4 years,MNBT (No Rules),6,Todd The Axeman or CD Mosaic,Sisyphus,Male,"I didn't go, I went to the store instead"
10/17/2016 16:27:22,More than 4 years,MNBT (No Rules),7 unique,"Surly Furious, yeah, I know",Sisyphus,Male,People sharing beer freely with strangers
10/17/2016 16:30:54,1-2 Years,MNBT (No Rules),2,todd ,surly,Male,Never been
10/17/2016 17:02:51,More than 4 years,MNBT (No Rules),6,BA silhouette,Indeed,Male,"Surly sharing my chalk ""art"" on instagram"
10/17/2016 17:04:38,More than 4 years,MNBT (No Rules),2 growlers,Fulton lonely blonde ,Fulton,Female,
10/17/2016 17:13:28,More than 4 years,MNBT (No Rules),62,Todd the Axman,Surly,Male,NA
10/17/2016 17:15:48,More than 4 years,MNBT (No Rules),27,Able First Light,Able,Male,Side by side 15 & 16 Fundamentals Observation
10/17/2016 17:22:41,More than 4 years,MNBT (No Rules),50+,Dangerous Man Peanut Butter Porter,Unbiased answer (cough) Forager,Male,Brent choking out the scrub that tried to steal his truck while he was sleeping in it in the caribou parking lotüëåüèΩ... 2013
10/17/2016 17:31:02,More than 4 years,MNBT (No Rules),None. I have a beer fridge with around 40-50 beers. ,Surly Darkness BA 2015,Surly,Male,Omar dropping a keg of Moe's bender right next to my chair in line @ 9:00 a.m.  And tapping it for us for free. 
10/17/2016 17:37:01,More than 4 years,MNBT (No Rules),2,Ba dsdb,Forager,Male,Hanging out with friends and meeting new ones!   Also md tics or tic
10/17/2016 17:37:15,1-2 Years,MNBT (No Rules),,Lift Bridge Silhouette ,Surly ,Male,Showing up!!!
10/17/2016 17:39:11,3-4 Years,MNBT (No Rules),I keep beer in separate fridge - 0.,BA DSDB,Foarager,Male,Good beer with good people.
10/17/2016 17:45:09,More than 4 years,MNBT (No Rules),20,"I've never had BA Darkness or Silouette, so I'd probably go with Dangerous Man Vanilla Roibus",Dangerous Man,Male,Never been
10/17/2016 18:10:18,1-2 Years,MNBT (No Rules),75,BA Silhouette ,Fair State,Male,Never been there
10/17/2016 18:17:54,More than 4 years,MNBT (No Rules),15,BA Darkness,Indeed,Male,N/A
10/17/2016 18:30:52,More than 4 years,MNBT (No Rules),,Schell's Starkeller Peach,Bent Paddle,Male,Walking the line and meeting new folks.
10/17/2016 18:43:20,3-4 Years,MBT,0 I have a beer fridge ,BA Silhouette ,Bent Paddle,Male,Meeting new peeps
10/17/2016 18:50:08,More than 4 years,MNBT (No Rules),8,BA Darkness,Bent paddle,Male,
10/17/2016 18:56:55,More than 4 years,MNBT (No Rules),None. I have s beer fridge.,Bent Paddle DSDB,Hammerheart,Male,Meeting everyone from Norulez especially Sylvester
10/17/2016 18:57:54,More than 4 years,MBT,30,Lift Bridge BA Silhouette ,Surly,Male,"Some random breaking into my friend's Prius, babbling about zombies. "
10/17/2016 19:05:34,More than 4 years,MNBT (No Rules),10,Fair state roselle,Fair state,Male,Bottle share 
10/17/2016 19:17:11,More than 4 years,MNBT (No Rules),14,BA Silhouette,Surly,Male,Getting to try 2 batches of Fundemental Observation back to back.
10/17/2016 19:28:25,1-2 Years,MN Razzle Dazzle,12,Bent Paddle,Town Hall Brewery,Male,I can't quite remember.
10/17/2016 19:31:56,3-4 Years,MNBT (No Rules),12,Forager,Forager,Female,
10/17/2016 19:47:37,More than 4 years,MNBT (No Rules),,Surly Abrasive,Bent Paddle,Male,Drinking Darkness
10/17/2016 20:16:50,Less than a year,MN Razzle Dazzle,7,Freehouse IPA,The Freehouse,Female,all the beer
10/17/2016 20:42:28,More than 4 years,MNBT (No Rules),10,Abrasive,Fair State,Male," I was hanging with a very drunk Clark Lewey (chief of Toppling Goliath) on Darkness eve 2012.  I had brought him some beers a few weeks earlier in Decorah  and he wanted to thank me by giving me a bottle and a growler of red label Assassin:).  As we were standing there talking Omar came up and introduced himself. Clark was totally bombed but was absolutely thrilled to meet him. The first thing he said was that Omar was his inspiration, that he started his brewery (TG) to try to do something amazing like Surly had done.  Clark was too busy (sweetly:) fawning to notice that Omar wanted some beer, so I poured him some Zeelander and Sue.  We all chatted for several minutes and then Omar invited Clark for a late night tour of the brewery. Clark turned to me and said, ""Watch my stuff!""  So for the next hour and a half two friends and I were hosts of all the TG brews, pouring them for whomever came by (and warding people off from the four bottles of red label assassin in the pile but everyone kept ogling).  "
10/17/2016 21:11:09,More than 4 years,MNBT (No Rules),13,Axeman,Surly,Male,People watching
10/17/2016 21:46:50,More than 4 years,MNBT (No Rules),1,Town Hall 3 Hour Tour ,Fitgers or Dangerous Man,Male,Having great beers with great friends I don't get to see far enough.
10/17/2016 21:50:10,More than 4 years,MNBT (No Rules),0,Surly Five,Sisyphus,Male,I can't remember :)
10/17/2016 22:12:19,1-2 Years,MN Razzle Dazzle,11,Darkness ,Summit ,Male,when Ryan Ungs was so drunk he shit his tights 
10/17/2016 22:14:42,3-4 Years,MN Razzle Dazzle,7,Coffee Bender ,Surly ,Female,Ryan Ungs dancing in his shit stained Tights
10/18/2016 6:52:59,3-4 Years,MNBT (No Rules),5,Cold press from bent paddle,Dangerous Man,Male,
10/18/2016 8:35:41,More than 4 years,MBT,0,Junkyard Black Walnut Stout,Beaver Island,Male,Setting up the growler table and pouring beer for people.
10/18/2016 9:04:03,3-4 Years,MNBT (No Rules),39,Todd the ax man,Bent paddle,Male,Memory? But seriously meeting people in no rules
10/18/2016 10:14:34,1-2 Years,MNBT (No Rules),15,Bent paddle double shot double black,Disgruntled ,Male,Getting to try a bunch of food from our neighbor when I brought him a pecan mud
10/18/2016 11:34:06,3-4 Years,MNBT (No Rules),30ish,BA double shot double black,Surly,Female,Todd ripping it on stage!!!!!
10/18/2016 20:01:54,More than 4 years,MNBT (No Rules),1. The rest are in the basement.,Currently BPDSDB,Cant say,Male,
10/18/2016 20:30:10,3-4 Years,MNBT (No Rules),2,Disgruntled Brunch,Surly,Male,Unicorn onesie or hotboxing the car with Jack and Tyson
10/19/2016 23:50:33,More than 4 years,MNBT (No Rules),10+,Fulton 300,Bauhaus,Female,